heterozygotes_survival_rate,resistance_rate,drop_ratio,drive_efficiency,low_density_growth_rate,density_growth_curve,generation_to_suppression,type
0.000,0.5,0.0,0.5,6.0,linear,NAN,haplolethal
0.000,0.5,0.05,0.5,6.0,linear,NAN,haplolethal
0.000,0.5,0.1,0.5,6.0,linear,NAN,haplolethal
0.000,0.5,0.15,0.5,6.0,linear,NAN,haplolethal
0.000,0.5,0.2,0.5,6.0,linear,NAN,haplolethal
0.000,0.5,0.25,0.5,6.0,linear,NAN,haplolethal
0.000,0.5,0.3,0.5,6.0,linear,NAN,haplolethal
0.000,0.5,0.35,0.5,6.0,linear,NAN,haplolethal
0.000,0.5,0.4,0.5,6.0,linear,NAN,haplolethal
0.000,0.5,0.45,0.5,6.0,linear,NAN,haplolethal
0.000,0.5,0.5,0.5,6.0,linear,NAN,haplolethal
0.000,0.5,0.55,0.5,6.0,linear,NAN,haplolethal
0.000,0.5,0.6,0.5,6.0,linear,NAN,haplolethal
0.000,0.5,0.65,0.5,6.0,linear,NAN,haplolethal
0.000,0.5,0.7,0.5,6.0,linear,NAN,haplolethal
0.000,0.5,0.75,0.5,6.0,linear,NAN,haplolethal
0.000,0.5,0.8,0.5,6.0,linear,221.950,haplolethal
0.000,0.5,0.85,0.5,6.0,linear,165.250,haplolethal
0.000,0.5,0.9,0.5,6.0,linear,135.750,haplolethal
0.000,0.5,0.95,0.5,6.0,linear,119.750,haplolethal
0.000,0.5,1.0,0.5,6.0,linear,108.350,haplolethal
0.025,0.5,0.0,0.5,6.0,linear,NAN,haplolethal
0.025,0.5,0.05,0.5,6.0,linear,NAN,haplolethal
0.025,0.5,0.1,0.5,6.0,linear,NAN,haplolethal
0.025,0.5,0.15,0.5,6.0,linear,NAN,haplolethal
0.025,0.5,0.2,0.5,6.0,linear,NAN,haplolethal
0.025,0.5,0.25,0.5,6.0,linear,NAN,haplolethal
0.025,0.5,0.3,0.5,6.0,linear,NAN,haplolethal
0.025,0.5,0.35,0.5,6.0,linear,NAN,haplolethal
0.025,0.5,0.4,0.5,6.0,linear,NAN,haplolethal
0.025,0.5,0.45,0.5,6.0,linear,NAN,haplolethal
0.025,0.5,0.5,0.5,6.0,linear,NAN,haplolethal
0.025,0.5,0.55,0.5,6.0,linear,NAN,haplolethal
0.025,0.5,0.6,0.5,6.0,linear,NAN,haplolethal
0.025,0.5,0.65,0.5,6.0,linear,223.350,haplolethal
0.025,0.5,0.7,0.5,6.0,linear,168.000,haplolethal
0.025,0.5,0.75,0.5,6.0,linear,140.400,haplolethal
0.025,0.5,0.8,0.5,6.0,linear,123.200,haplolethal
0.025,0.5,0.85,0.5,6.0,linear,111.550,haplolethal
0.025,0.5,0.9,0.5,6.0,linear,101.400,haplolethal
0.025,0.5,0.95,0.5,6.0,linear,95.950,haplolethal
0.025,0.5,1.0,0.5,6.0,linear,90.500,haplolethal
0.050,0.5,0.0,0.5,6.0,linear,NAN,haplolethal
0.050,0.5,0.05,0.5,6.0,linear,NAN,haplolethal
0.050,0.5,0.1,0.5,6.0,linear,NAN,haplolethal
0.050,0.5,0.15,0.5,6.0,linear,NAN,haplolethal
0.050,0.5,0.2,0.5,6.0,linear,NAN,haplolethal
0.050,0.5,0.25,0.5,6.0,linear,NAN,haplolethal
0.050,0.5,0.3,0.5,6.0,linear,NAN,haplolethal
0.050,0.5,0.35,0.5,6.0,linear,NAN,haplolethal
0.050,0.5,0.4,0.5,6.0,linear,NAN,haplolethal
0.050,0.5,0.45,0.5,6.0,linear,NAN,haplolethal
0.050,0.5,0.5,0.5,6.0,linear,253.300,haplolethal
0.050,0.5,0.55,0.5,6.0,linear,184.300,haplolethal
0.050,0.5,0.6,0.5,6.0,linear,152.650,haplolethal
0.050,0.5,0.65,0.5,6.0,linear,132.700,haplolethal
0.050,0.5,0.7,0.5,6.0,linear,118.500,haplolethal
0.050,0.5,0.75,0.5,6.0,linear,107.400,haplolethal
0.050,0.5,0.8,0.5,6.0,linear,99.400,haplolethal
0.050,0.5,0.85,0.5,6.0,linear,93.500,haplolethal
0.050,0.5,0.9,0.5,6.0,linear,87.850,haplolethal
0.050,0.5,0.95,0.5,6.0,linear,83.950,haplolethal
0.050,0.5,1.0,0.5,6.0,linear,79.400,haplolethal
0.075,0.5,0.0,0.5,6.0,linear,NAN,haplolethal
0.075,0.5,0.05,0.5,6.0,linear,NAN,haplolethal
0.075,0.5,0.1,0.5,6.0,linear,NAN,haplolethal
0.075,0.5,0.15,0.5,6.0,linear,NAN,haplolethal
0.075,0.5,0.2,0.5,6.0,linear,NAN,haplolethal
0.075,0.5,0.25,0.5,6.0,linear,NAN,haplolethal
0.075,0.5,0.3,0.5,6.0,linear,NAN,haplolethal
0.075,0.5,0.35,0.5,6.0,linear,NAN,haplolethal
0.075,0.5,0.4,0.5,6.0,linear,243.050,haplolethal
0.075,0.5,0.45,0.5,6.0,linear,179.450,haplolethal
0.075,0.5,0.5,0.5,6.0,linear,148.300,haplolethal
0.075,0.5,0.55,0.5,6.0,linear,129.200,haplolethal
0.075,0.5,0.6,0.5,6.0,linear,116.250,haplolethal
0.075,0.5,0.65,0.5,6.0,linear,106.200,haplolethal
0.075,0.5,0.7,0.5,6.0,linear,98.800,haplolethal
0.075,0.5,0.75,0.5,6.0,linear,92.450,haplolethal
0.075,0.5,0.8,0.5,6.0,linear,87.600,haplolethal
0.075,0.5,0.85,0.5,6.0,linear,83.150,haplolethal
0.075,0.5,0.9,0.5,6.0,linear,80.000,haplolethal
0.075,0.5,0.95,0.5,6.0,linear,75.650,haplolethal
0.075,0.5,1.0,0.5,6.0,linear,73.400,haplolethal
0.100,0.5,0.0,0.5,6.0,linear,NAN,haplolethal
0.100,0.5,0.05,0.5,6.0,linear,NAN,haplolethal
0.100,0.5,0.1,0.5,6.0,linear,NAN,haplolethal
0.100,0.5,0.15,0.5,6.0,linear,NAN,haplolethal
0.100,0.5,0.2,0.5,6.0,linear,NAN,haplolethal
0.100,0.5,0.25,0.5,6.0,linear,NAN,haplolethal
0.100,0.5,0.3,0.5,6.0,linear,267.750,haplolethal
0.100,0.5,0.35,0.5,6.0,linear,190.150,haplolethal
0.100,0.5,0.4,0.5,6.0,linear,154.900,haplolethal
0.100,0.5,0.45,0.5,6.0,linear,133.050,haplolethal
0.100,0.5,0.5,0.5,6.0,linear,118.850,haplolethal
0.100,0.5,0.55,0.5,6.0,linear,107.950,haplolethal
0.100,0.5,0.6,0.5,6.0,linear,99.700,haplolethal
0.100,0.5,0.65,0.5,6.0,linear,92.800,haplolethal
0.100,0.5,0.7,0.5,6.0,linear,87.750,haplolethal
0.100,0.5,0.75,0.5,6.0,linear,83.300,haplolethal
0.100,0.5,0.8,0.5,6.0,linear,79.650,haplolethal
0.100,0.5,0.85,0.5,6.0,linear,76.700,haplolethal
0.100,0.5,0.9,0.5,6.0,linear,73.900,haplolethal
0.100,0.5,0.95,0.5,6.0,linear,70.600,haplolethal
0.100,0.5,1.0,0.5,6.0,linear,68.150,haplolethal
0.125,0.5,0.0,0.5,6.0,linear,NAN,haplolethal
0.125,0.5,0.05,0.5,6.0,linear,NAN,haplolethal
0.125,0.5,0.1,0.5,6.0,linear,NAN,haplolethal
0.125,0.5,0.15,0.5,6.0,linear,NAN,haplolethal
0.125,0.5,0.2,0.5,6.0,linear,NAN,haplolethal
0.125,0.5,0.25,0.5,6.0,linear,221.000,haplolethal
0.125,0.5,0.3,0.5,6.0,linear,169.050,haplolethal
0.125,0.5,0.35,0.5,6.0,linear,141.500,haplolethal
0.125,0.5,0.4,0.5,6.0,linear,123.900,haplolethal
0.125,0.5,0.45,0.5,6.0,linear,112.150,haplolethal
0.125,0.5,0.5,0.5,6.0,linear,102.550,haplolethal
0.125,0.5,0.55,0.5,6.0,linear,95.550,haplolethal
0.125,0.5,0.6,0.5,6.0,linear,89.400,haplolethal
0.125,0.5,0.65,0.5,6.0,linear,84.950,haplolethal
0.125,0.5,0.7,0.5,6.0,linear,80.800,haplolethal
0.125,0.5,0.75,0.5,6.0,linear,76.300,haplolethal
0.125,0.5,0.8,0.5,6.0,linear,74.650,haplolethal
0.125,0.5,0.85,0.5,6.0,linear,71.800,haplolethal
0.125,0.5,0.9,0.5,6.0,linear,69.800,haplolethal
0.125,0.5,0.95,0.5,6.0,linear,67.450,haplolethal
0.125,0.5,1.0,0.5,6.0,linear,65.200,haplolethal
0.150,0.5,0.0,0.5,6.0,linear,NAN,haplolethal
0.150,0.5,0.05,0.5,6.0,linear,NAN,haplolethal
0.150,0.5,0.1,0.5,6.0,linear,NAN,haplolethal
0.150,0.5,0.15,0.5,6.0,linear,NAN,haplolethal
0.150,0.5,0.2,0.5,6.0,linear,211.400,haplolethal
0.150,0.5,0.25,0.5,6.0,linear,162.100,haplolethal
0.150,0.5,0.3,0.5,6.0,linear,135.650,haplolethal
0.150,0.5,0.35,0.5,6.0,linear,120.150,haplolethal
0.150,0.5,0.4,0.5,6.0,linear,108.650,haplolethal
0.150,0.5,0.45,0.5,6.0,linear,99.200,haplolethal
0.150,0.5,0.5,0.5,6.0,linear,92.000,haplolethal
0.150,0.5,0.55,0.5,6.0,linear,86.850,haplolethal
0.150,0.5,0.6,0.5,6.0,linear,82.600,haplolethal
0.150,0.5,0.65,0.5,6.0,linear,78.600,haplolethal
0.150,0.5,0.7,0.5,6.0,linear,75.350,haplolethal
0.150,0.5,0.75,0.5,6.0,linear,72.650,haplolethal
0.150,0.5,0.8,0.5,6.0,linear,70.250,haplolethal
0.150,0.5,0.85,0.5,6.0,linear,67.900,haplolethal
0.150,0.5,0.9,0.5,6.0,linear,66.450,haplolethal
0.150,0.5,0.95,0.5,6.0,linear,64.200,haplolethal
0.150,0.5,1.0,0.5,6.0,linear,62.550,haplolethal
0.175,0.5,0.0,0.5,6.0,linear,NAN,haplolethal
0.175,0.5,0.05,0.5,6.0,linear,NAN,haplolethal
0.175,0.5,0.1,0.5,6.0,linear,NAN,haplolethal
0.175,0.5,0.15,0.5,6.0,linear,220.400,haplolethal
0.175,0.5,0.2,0.5,6.0,linear,163.300,haplolethal
0.175,0.5,0.25,0.5,6.0,linear,135.600,haplolethal
0.175,0.5,0.3,0.5,6.0,linear,117.850,haplolethal
0.175,0.5,0.35,0.5,6.0,linear,106.700,haplolethal
0.175,0.5,0.4,0.5,6.0,linear,97.450,haplolethal
0.175,0.5,0.45,0.5,6.0,linear,91.150,haplolethal
0.175,0.5,0.5,0.5,6.0,linear,84.950,haplolethal
0.175,0.5,0.55,0.5,6.0,linear,81.300,haplolethal
0.175,0.5,0.6,0.5,6.0,linear,78.150,haplolethal
0.175,0.5,0.65,0.5,6.0,linear,74.150,haplolethal
0.175,0.5,0.7,0.5,6.0,linear,71.650,haplolethal
0.175,0.5,0.75,0.5,6.0,linear,69.050,haplolethal
0.175,0.5,0.8,0.5,6.0,linear,66.450,haplolethal
0.175,0.5,0.85,0.5,6.0,linear,65.100,haplolethal
0.175,0.5,0.9,0.5,6.0,linear,63.250,haplolethal
0.175,0.5,0.95,0.5,6.0,linear,62.050,haplolethal
0.175,0.5,1.0,0.5,6.0,linear,60.800,haplolethal
0.200,0.5,0.0,0.5,6.0,linear,NAN,haplolethal
0.200,0.5,0.05,0.5,6.0,linear,NAN,haplolethal
0.200,0.5,0.1,0.5,6.0,linear,256.700,haplolethal
0.200,0.5,0.15,0.5,6.0,linear,170.200,haplolethal
0.200,0.5,0.2,0.5,6.0,linear,136.950,haplolethal
0.200,0.5,0.25,0.5,6.0,linear,118.100,haplolethal
0.200,0.5,0.3,0.5,6.0,linear,106.500,haplolethal
0.200,0.5,0.35,0.5,6.0,linear,97.450,haplolethal
0.200,0.5,0.4,0.5,6.0,linear,90.150,haplolethal
0.200,0.5,0.45,0.5,6.0,linear,84.950,haplolethal
0.200,0.5,0.5,0.5,6.0,linear,80.600,haplolethal
0.200,0.5,0.55,0.5,6.0,linear,76.900,haplolethal
0.200,0.5,0.6,0.5,6.0,linear,74.500,haplolethal
0.200,0.5,0.65,0.5,6.0,linear,70.450,haplolethal
0.200,0.5,0.7,0.5,6.0,linear,69.000,haplolethal
0.200,0.5,0.75,0.5,6.0,linear,66.650,haplolethal
0.200,0.5,0.8,0.5,6.0,linear,64.900,haplolethal
0.200,0.5,0.85,0.5,6.0,linear,63.450,haplolethal
0.200,0.5,0.9,0.5,6.0,linear,61.250,haplolethal
0.200,0.5,0.95,0.5,6.0,linear,60.050,haplolethal
0.200,0.5,1.0,0.5,6.0,linear,59.250,haplolethal
0.225,0.5,0.0,0.5,6.0,linear,NAN,haplolethal
0.225,0.5,0.05,0.5,6.0,linear,NAN,haplolethal
0.225,0.5,0.1,0.5,6.0,linear,194.500,haplolethal
0.225,0.5,0.15,0.5,6.0,linear,146.100,haplolethal
0.225,0.5,0.2,0.5,6.0,linear,122.750,haplolethal
0.225,0.5,0.25,0.5,6.0,linear,107.100,haplolethal
0.225,0.5,0.3,0.5,6.0,linear,98.050,haplolethal
0.225,0.5,0.35,0.5,6.0,linear,90.800,haplolethal
0.225,0.5,0.4,0.5,6.0,linear,84.750,haplolethal
0.225,0.5,0.45,0.5,6.0,linear,80.600,haplolethal
0.225,0.5,0.5,0.5,6.0,linear,76.200,haplolethal
0.225,0.5,0.55,0.5,6.0,linear,73.150,haplolethal
0.225,0.5,0.6,0.5,6.0,linear,70.300,haplolethal
0.225,0.5,0.65,0.5,6.0,linear,67.900,haplolethal
0.225,0.5,0.7,0.5,6.0,linear,66.200,haplolethal
0.225,0.5,0.75,0.5,6.0,linear,64.400,haplolethal
0.225,0.5,0.8,0.5,6.0,linear,62.600,haplolethal
0.225,0.5,0.85,0.5,6.0,linear,61.100,haplolethal
0.225,0.5,0.9,0.5,6.0,linear,59.600,haplolethal
0.225,0.5,0.95,0.5,6.0,linear,58.500,haplolethal
0.225,0.5,1.0,0.5,6.0,linear,57.300,haplolethal
0.250,0.5,0.0,0.5,6.0,linear,NAN,haplolethal
0.250,0.5,0.05,0.5,6.0,linear,267.550,haplolethal
0.250,0.5,0.1,0.5,6.0,linear,164.150,haplolethal
0.250,0.5,0.15,0.5,6.0,linear,129.050,haplolethal
0.250,0.5,0.2,0.5,6.0,linear,111.300,haplolethal
0.250,0.5,0.25,0.5,6.0,linear,100.050,haplolethal
0.250,0.5,0.3,0.5,6.0,linear,91.250,haplolethal
0.250,0.5,0.35,0.5,6.0,linear,84.950,haplolethal
0.250,0.5,0.4,0.5,6.0,linear,80.650,haplolethal
0.250,0.5,0.45,0.5,6.0,linear,76.500,haplolethal
0.250,0.5,0.5,0.5,6.0,linear,72.950,haplolethal
0.250,0.5,0.55,0.5,6.0,linear,70.200,haplolethal
0.250,0.5,0.6,0.5,6.0,linear,67.900,haplolethal
0.250,0.5,0.65,0.5,6.0,linear,66.250,haplolethal
0.250,0.5,0.7,0.5,6.0,linear,63.900,haplolethal
0.250,0.5,0.75,0.5,6.0,linear,62.250,haplolethal
0.250,0.5,0.8,0.5,6.0,linear,60.500,haplolethal
0.250,0.5,0.85,0.5,6.0,linear,59.000,haplolethal
0.250,0.5,0.9,0.5,6.0,linear,58.250,haplolethal
0.250,0.5,0.95,0.5,6.0,linear,57.450,haplolethal
0.250,0.5,1.0,0.5,6.0,linear,55.700,haplolethal
0.275,0.5,0.0,0.5,6.0,linear,NAN,haplolethal
0.275,0.5,0.05,0.5,6.0,linear,209.500,haplolethal
0.275,0.5,0.1,0.5,6.0,linear,143.600,haplolethal
0.275,0.5,0.15,0.5,6.0,linear,116.950,haplolethal
0.275,0.5,0.2,0.5,6.0,linear,103.400,haplolethal
0.275,0.5,0.25,0.5,6.0,linear,93.550,haplolethal
0.275,0.5,0.3,0.5,6.0,linear,86.700,haplolethal
0.275,0.5,0.35,0.5,6.0,linear,80.950,haplolethal
0.275,0.5,0.4,0.5,6.0,linear,76.900,haplolethal
0.275,0.5,0.45,0.5,6.0,linear,72.850,haplolethal
0.275,0.5,0.5,0.5,6.0,linear,70.300,haplolethal
0.275,0.5,0.55,0.5,6.0,linear,68.250,haplolethal
0.275,0.5,0.6,0.5,6.0,linear,65.750,haplolethal
0.275,0.5,0.65,0.5,6.0,linear,62.800,haplolethal
0.275,0.5,0.7,0.5,6.0,linear,61.650,haplolethal
0.275,0.5,0.75,0.5,6.0,linear,60.900,haplolethal
0.275,0.5,0.8,0.5,6.0,linear,59.400,haplolethal
0.275,0.5,0.85,0.5,6.0,linear,57.550,haplolethal
0.275,0.5,0.9,0.5,6.0,linear,56.700,haplolethal
0.275,0.5,0.95,0.5,6.0,linear,55.400,haplolethal
0.275,0.5,1.0,0.5,6.0,linear,55.150,haplolethal
0.300,0.5,0.0,0.5,6.0,linear,NAN,haplolethal
0.300,0.5,0.05,0.5,6.0,linear,180.800,haplolethal
0.300,0.5,0.1,0.5,6.0,linear,130.600,haplolethal
0.300,0.5,0.15,0.5,6.0,linear,109.200,haplolethal
0.300,0.5,0.2,0.5,6.0,linear,96.650,haplolethal
0.300,0.5,0.25,0.5,6.0,linear,88.700,haplolethal
0.300,0.5,0.3,0.5,6.0,linear,83.350,haplolethal
0.300,0.5,0.35,0.5,6.0,linear,77.600,haplolethal
0.300,0.5,0.4,0.5,6.0,linear,73.900,haplolethal
0.300,0.5,0.45,0.5,6.0,linear,70.150,haplolethal
0.300,0.5,0.5,0.5,6.0,linear,68.250,haplolethal
0.300,0.5,0.55,0.5,6.0,linear,65.550,haplolethal
0.300,0.5,0.6,0.5,6.0,linear,63.750,haplolethal
0.300,0.5,0.65,0.5,6.0,linear,61.750,haplolethal
0.300,0.5,0.7,0.5,6.0,linear,60.350,haplolethal
0.300,0.5,0.75,0.5,6.0,linear,58.750,haplolethal
0.300,0.5,0.8,0.5,6.0,linear,57.800,haplolethal
0.300,0.5,0.85,0.5,6.0,linear,56.700,haplolethal
0.300,0.5,0.9,0.5,6.0,linear,55.600,haplolethal
0.300,0.5,0.95,0.5,6.0,linear,54.450,haplolethal
0.300,0.5,1.0,0.5,6.0,linear,52.900,haplolethal
0.325,0.5,0.0,0.5,6.0,linear,NAN,haplolethal
0.325,0.5,0.05,0.5,6.0,linear,158.750,haplolethal
0.325,0.5,0.1,0.5,6.0,linear,119.600,haplolethal
0.325,0.5,0.15,0.5,6.0,linear,102.600,haplolethal
0.325,0.5,0.2,0.5,6.0,linear,91.950,haplolethal
0.325,0.5,0.25,0.5,6.0,linear,84.600,haplolethal
0.325,0.5,0.3,0.5,6.0,linear,78.250,haplolethal
0.325,0.5,0.35,0.5,6.0,linear,74.350,haplolethal
0.325,0.5,0.4,0.5,6.0,linear,70.950,haplolethal
0.325,0.5,0.45,0.5,6.0,linear,68.250,haplolethal
0.325,0.5,0.5,0.5,6.0,linear,65.800,haplolethal
0.325,0.5,0.55,0.5,6.0,linear,63.550,haplolethal
0.325,0.5,0.6,0.5,6.0,linear,62.150,haplolethal
0.325,0.5,0.65,0.5,6.0,linear,60.150,haplolethal
0.325,0.5,0.7,0.5,6.0,linear,59.000,haplolethal
0.325,0.5,0.75,0.5,6.0,linear,57.450,haplolethal
0.325,0.5,0.8,0.5,6.0,linear,55.950,haplolethal
0.325,0.5,0.85,0.5,6.0,linear,55.250,haplolethal
0.325,0.5,0.9,0.5,6.0,linear,54.350,haplolethal
0.325,0.5,0.95,0.5,6.0,linear,53.450,haplolethal
0.325,0.5,1.0,0.5,6.0,linear,52.750,haplolethal
0.350,0.5,0.0,0.5,6.0,linear,NAN,haplolethal
0.350,0.5,0.05,0.5,6.0,linear,143.200,haplolethal
0.350,0.5,0.1,0.5,6.0,linear,111.350,haplolethal
0.350,0.5,0.15,0.5,6.0,linear,95.950,haplolethal
0.350,0.5,0.2,0.5,6.0,linear,87.800,haplolethal
0.350,0.5,0.25,0.5,6.0,linear,82.050,haplolethal
0.350,0.5,0.3,0.5,6.0,linear,76.700,haplolethal
0.350,0.5,0.35,0.5,6.0,linear,71.950,haplolethal
0.350,0.5,0.4,0.5,6.0,linear,69.100,haplolethal
0.350,0.5,0.45,0.5,6.0,linear,66.300,haplolethal
0.350,0.5,0.5,0.5,6.0,linear,65.000,haplolethal
0.350,0.5,0.55,0.5,6.0,linear,62.750,haplolethal
0.350,0.5,0.6,0.5,6.0,linear,61.300,haplolethal
0.350,0.5,0.65,0.5,6.0,linear,59.100,haplolethal
0.350,0.5,0.7,0.5,6.0,linear,57.350,haplolethal
0.350,0.5,0.75,0.5,6.0,linear,56.200,haplolethal
0.350,0.5,0.8,0.5,6.0,linear,55.250,haplolethal
0.350,0.5,0.85,0.5,6.0,linear,54.650,haplolethal
0.350,0.5,0.9,0.5,6.0,linear,53.200,haplolethal
0.350,0.5,0.95,0.5,6.0,linear,52.800,haplolethal
0.350,0.5,1.0,0.5,6.0,linear,52.050,haplolethal
0.375,0.5,0.0,0.5,6.0,linear,NAN,haplolethal
0.375,0.5,0.05,0.5,6.0,linear,132.150,haplolethal
0.375,0.5,0.1,0.5,6.0,linear,105.700,haplolethal
0.375,0.5,0.15,0.5,6.0,linear,92.700,haplolethal
0.375,0.5,0.2,0.5,6.0,linear,84.250,haplolethal
0.375,0.5,0.25,0.5,6.0,linear,78.850,haplolethal
0.375,0.5,0.3,0.5,6.0,linear,73.900,haplolethal
0.375,0.5,0.35,0.5,6.0,linear,70.000,haplolethal
0.375,0.5,0.4,0.5,6.0,linear,67.200,haplolethal
0.375,0.5,0.45,0.5,6.0,linear,65.250,haplolethal
0.375,0.5,0.5,0.5,6.0,linear,62.550,haplolethal
0.375,0.5,0.55,0.5,6.0,linear,61.150,haplolethal
0.375,0.5,0.6,0.5,6.0,linear,59.550,haplolethal
0.375,0.5,0.65,0.5,6.0,linear,58.000,haplolethal
0.375,0.5,0.7,0.5,6.0,linear,56.600,haplolethal
0.375,0.5,0.75,0.5,6.0,linear,55.800,haplolethal
0.375,0.5,0.8,0.5,6.0,linear,54.200,haplolethal
0.375,0.5,0.85,0.5,6.0,linear,53.500,haplolethal
0.375,0.5,0.9,0.5,6.0,linear,52.550,haplolethal
0.375,0.5,0.95,0.5,6.0,linear,51.850,haplolethal
0.375,0.5,1.0,0.5,6.0,linear,51.100,haplolethal
0.400,0.5,0.0,0.5,6.0,linear,NAN,haplolethal
0.400,0.5,0.05,0.5,6.0,linear,124.000,haplolethal
0.400,0.5,0.1,0.5,6.0,linear,101.050,haplolethal
0.400,0.5,0.15,0.5,6.0,linear,88.550,haplolethal
0.400,0.5,0.2,0.5,6.0,linear,80.550,haplolethal
0.400,0.5,0.25,0.5,6.0,linear,75.850,haplolethal
0.400,0.5,0.3,0.5,6.0,linear,71.400,haplolethal
0.400,0.5,0.35,0.5,6.0,linear,68.200,haplolethal
0.400,0.5,0.4,0.5,6.0,linear,65.200,haplolethal
0.400,0.5,0.45,0.5,6.0,linear,63.650,haplolethal
0.400,0.5,0.5,0.5,6.0,linear,62.000,haplolethal
0.400,0.5,0.55,0.5,6.0,linear,59.650,haplolethal
0.400,0.5,0.6,0.5,6.0,linear,58.100,haplolethal
0.400,0.5,0.65,0.5,6.0,linear,56.800,haplolethal
0.400,0.5,0.7,0.5,6.0,linear,55.800,haplolethal
0.400,0.5,0.75,0.5,6.0,linear,54.250,haplolethal
0.400,0.5,0.8,0.5,6.0,linear,53.350,haplolethal
0.400,0.5,0.85,0.5,6.0,linear,52.750,haplolethal
0.400,0.5,0.9,0.5,6.0,linear,52.000,haplolethal
0.400,0.5,0.95,0.5,6.0,linear,51.550,haplolethal
0.400,0.5,1.0,0.5,6.0,linear,50.900,haplolethal
0.425,0.5,0.0,0.5,6.0,linear,NAN,haplolethal
0.425,0.5,0.05,0.5,6.0,linear,117.350,haplolethal
0.425,0.5,0.1,0.5,6.0,linear,96.350,haplolethal
0.425,0.5,0.15,0.5,6.0,linear,85.400,haplolethal
0.425,0.5,0.2,0.5,6.0,linear,78.450,haplolethal
0.425,0.5,0.25,0.5,6.0,linear,73.900,haplolethal
0.425,0.5,0.3,0.5,6.0,linear,70.150,haplolethal
0.425,0.5,0.35,0.5,6.0,linear,67.400,haplolethal
0.425,0.5,0.4,0.5,6.0,linear,64.450,haplolethal
0.425,0.5,0.45,0.5,6.0,linear,62.100,haplolethal
0.425,0.5,0.5,0.5,6.0,linear,60.000,haplolethal
0.425,0.5,0.55,0.5,6.0,linear,59.250,haplolethal
0.425,0.5,0.6,0.5,6.0,linear,57.350,haplolethal
0.425,0.5,0.65,0.5,6.0,linear,55.850,haplolethal
0.425,0.5,0.7,0.5,6.0,linear,54.150,haplolethal
0.425,0.5,0.75,0.5,6.0,linear,53.000,haplolethal
0.425,0.5,0.8,0.5,6.0,linear,52.950,haplolethal
0.425,0.5,0.85,0.5,6.0,linear,51.600,haplolethal
0.425,0.5,0.9,0.5,6.0,linear,51.100,haplolethal
0.425,0.5,0.95,0.5,6.0,linear,51.000,haplolethal
0.425,0.5,1.0,0.5,6.0,linear,50.350,haplolethal
0.450,0.5,0.0,0.5,6.0,linear,NAN,haplolethal
0.450,0.5,0.05,0.5,6.0,linear,111.000,haplolethal
0.450,0.5,0.1,0.5,6.0,linear,92.400,haplolethal
0.450,0.5,0.15,0.5,6.0,linear,82.500,haplolethal
0.450,0.5,0.2,0.5,6.0,linear,76.950,haplolethal
0.450,0.5,0.25,0.5,6.0,linear,71.450,haplolethal
0.450,0.5,0.3,0.5,6.0,linear,68.450,haplolethal
0.450,0.5,0.35,0.5,6.0,linear,65.750,haplolethal
0.450,0.5,0.4,0.5,6.0,linear,63.050,haplolethal
0.450,0.5,0.45,0.5,6.0,linear,60.900,haplolethal
0.450,0.5,0.5,0.5,6.0,linear,58.800,haplolethal
0.450,0.5,0.55,0.5,6.0,linear,58.050,haplolethal
0.450,0.5,0.6,0.5,6.0,linear,56.850,haplolethal
0.450,0.5,0.65,0.5,6.0,linear,55.200,haplolethal
0.450,0.5,0.7,0.5,6.0,linear,53.800,haplolethal
0.450,0.5,0.75,0.5,6.0,linear,52.550,haplolethal
0.450,0.5,0.8,0.5,6.0,linear,52.100,haplolethal
0.450,0.5,0.85,0.5,6.0,linear,51.300,haplolethal
0.450,0.5,0.9,0.5,6.0,linear,50.300,haplolethal
0.450,0.5,0.95,0.5,6.0,linear,50.200,haplolethal
0.450,0.5,1.0,0.5,6.0,linear,49.700,haplolethal
0.475,0.5,0.0,0.5,6.0,linear,NAN,haplolethal
0.475,0.5,0.05,0.5,6.0,linear,106.850,haplolethal
0.475,0.5,0.1,0.5,6.0,linear,88.450,haplolethal
0.475,0.5,0.15,0.5,6.0,linear,80.200,haplolethal
0.475,0.5,0.2,0.5,6.0,linear,74.450,haplolethal
0.475,0.5,0.25,0.5,6.0,linear,69.650,haplolethal
0.475,0.5,0.3,0.5,6.0,linear,66.900,haplolethal
0.475,0.5,0.35,0.5,6.0,linear,63.550,haplolethal
0.475,0.5,0.4,0.5,6.0,linear,61.750,haplolethal
0.475,0.5,0.45,0.5,6.0,linear,60.300,haplolethal
0.475,0.5,0.5,0.5,6.0,linear,57.800,haplolethal
0.475,0.5,0.55,0.5,6.0,linear,56.500,haplolethal
0.475,0.5,0.6,0.5,6.0,linear,55.350,haplolethal
0.475,0.5,0.65,0.5,6.0,linear,54.050,haplolethal
0.475,0.5,0.7,0.5,6.0,linear,53.200,haplolethal
0.475,0.5,0.75,0.5,6.0,linear,52.750,haplolethal
0.475,0.5,0.8,0.5,6.0,linear,51.600,haplolethal
0.475,0.5,0.85,0.5,6.0,linear,50.950,haplolethal
0.475,0.5,0.9,0.5,6.0,linear,49.800,haplolethal
0.475,0.5,0.95,0.5,6.0,linear,49.500,haplolethal
0.475,0.5,1.0,0.5,6.0,linear,48.450,haplolethal
0.500,0.5,0.0,0.5,6.0,linear,NAN,haplolethal
0.500,0.5,0.05,0.5,6.0,linear,101.700,haplolethal
0.500,0.5,0.1,0.5,6.0,linear,86.350,haplolethal
0.500,0.5,0.15,0.5,6.0,linear,77.300,haplolethal
0.500,0.5,0.2,0.5,6.0,linear,72.150,haplolethal
0.500,0.5,0.25,0.5,6.0,linear,68.900,haplolethal
0.500,0.5,0.3,0.5,6.0,linear,65.450,haplolethal
0.500,0.5,0.35,0.5,6.0,linear,62.400,haplolethal
0.500,0.5,0.4,0.5,6.0,linear,60.900,haplolethal
0.500,0.5,0.45,0.5,6.0,linear,58.400,haplolethal
0.500,0.5,0.5,0.5,6.0,linear,58.000,haplolethal
0.500,0.5,0.55,0.5,6.0,linear,55.900,haplolethal
0.500,0.5,0.6,0.5,6.0,linear,54.500,haplolethal
0.500,0.5,0.65,0.5,6.0,linear,53.400,haplolethal
0.500,0.5,0.7,0.5,6.0,linear,52.650,haplolethal
0.500,0.5,0.75,0.5,6.0,linear,52.300,haplolethal
0.500,0.5,0.8,0.5,6.0,linear,50.250,haplolethal
0.500,0.5,0.85,0.5,6.0,linear,50.500,haplolethal
0.500,0.5,0.9,0.5,6.0,linear,49.150,haplolethal
0.500,0.5,0.95,0.5,6.0,linear,48.900,haplolethal
0.500,0.5,1.0,0.5,6.0,linear,48.650,haplolethal
0.000,0.5,10.0,0.5,6.0,linear,34.600,recessivelethal
0.000,0.5,10.5,0.5,6.0,linear,34.050,recessivelethal
0.000,0.5,11.0,0.5,6.0,linear,33.900,recessivelethal
0.000,0.5,11.5,0.5,6.0,linear,33.100,recessivelethal
0.000,0.5,12.0,0.5,6.0,linear,32.650,recessivelethal
0.000,0.5,2.0,0.5,6.0,linear,NAN,recessivelethal
0.000,0.5,2.5,0.5,6.0,linear,130.400,recessivelethal
0.000,0.5,3.0,0.5,6.0,linear,81.150,recessivelethal
0.000,0.5,3.5,0.5,6.0,linear,64.950,recessivelethal
0.000,0.5,4.0,0.5,6.0,linear,56.700,recessivelethal
0.000,0.5,4.5,0.5,6.0,linear,51.900,recessivelethal
0.000,0.5,5.0,0.5,6.0,linear,47.800,recessivelethal
0.000,0.5,5.5,0.5,6.0,linear,45.950,recessivelethal
0.000,0.5,6.0,0.5,6.0,linear,43.250,recessivelethal
0.000,0.5,6.5,0.5,6.0,linear,41.400,recessivelethal
0.000,0.5,7.0,0.5,6.0,linear,40.150,recessivelethal
0.000,0.5,7.5,0.5,6.0,linear,38.650,recessivelethal
0.000,0.5,8.0,0.5,6.0,linear,37.800,recessivelethal
0.000,0.5,8.5,0.5,6.0,linear,36.750,recessivelethal
0.000,0.5,9.0,0.5,6.0,linear,36.000,recessivelethal
0.000,0.5,9.5,0.5,6.0,linear,35.300,recessivelethal
0.025,0.5,10.0,0.5,6.0,linear,37.500,recessivelethal
0.025,0.5,10.5,0.5,6.0,linear,37.550,recessivelethal
0.025,0.5,11.0,0.5,6.0,linear,37.450,recessivelethal
0.025,0.5,11.5,0.5,6.0,linear,37.050,recessivelethal
0.025,0.5,12.0,0.5,6.0,linear,36.150,recessivelethal
0.025,0.5,2.0,0.5,6.0,linear,NAN,recessivelethal
0.025,0.5,2.5,0.5,6.0,linear,103.800,recessivelethal
0.025,0.5,3.0,0.5,6.0,linear,77.550,recessivelethal
0.025,0.5,3.5,0.5,6.0,linear,65.200,recessivelethal
0.025,0.5,4.0,0.5,6.0,linear,57.700,recessivelethal
0.025,0.5,4.5,0.5,6.0,linear,54.100,recessivelethal
0.025,0.5,5.0,0.5,6.0,linear,50.950,recessivelethal
0.025,0.5,5.5,0.5,6.0,linear,48.050,recessivelethal
0.025,0.5,6.0,0.5,6.0,linear,46.500,recessivelethal
0.025,0.5,6.5,0.5,6.0,linear,45.400,recessivelethal
0.025,0.5,7.0,0.5,6.0,linear,43.000,recessivelethal
0.025,0.5,7.5,0.5,6.0,linear,41.900,recessivelethal
0.025,0.5,8.0,0.5,6.0,linear,41.200,recessivelethal
0.025,0.5,8.5,0.5,6.0,linear,40.950,recessivelethal
0.025,0.5,9.0,0.5,6.0,linear,39.400,recessivelethal
0.025,0.5,9.5,0.5,6.0,linear,39.950,recessivelethal
0.050,0.5,10.0,0.5,6.0,linear,41.450,recessivelethal
0.050,0.5,10.5,0.5,6.0,linear,40.150,recessivelethal
0.050,0.5,11.0,0.5,6.0,linear,39.750,recessivelethal
0.050,0.5,11.5,0.5,6.0,linear,40.100,recessivelethal
0.050,0.5,12.0,0.5,6.0,linear,41.200,recessivelethal
0.050,0.5,2.0,0.5,6.0,linear,170.250,recessivelethal
0.050,0.5,2.5,0.5,6.0,linear,93.200,recessivelethal
0.050,0.5,3.0,0.5,6.0,linear,75.750,recessivelethal
0.050,0.5,3.5,0.5,6.0,linear,65.650,recessivelethal
0.050,0.5,4.0,0.5,6.0,linear,59.800,recessivelethal
0.050,0.5,4.5,0.5,6.0,linear,55.300,recessivelethal
0.050,0.5,5.0,0.5,6.0,linear,53.350,recessivelethal
0.050,0.5,5.5,0.5,6.0,linear,49.700,recessivelethal
0.050,0.5,6.0,0.5,6.0,linear,49.550,recessivelethal
0.050,0.5,6.5,0.5,6.0,linear,47.350,recessivelethal
0.050,0.5,7.0,0.5,6.0,linear,45.450,recessivelethal
0.050,0.5,7.5,0.5,6.0,linear,44.650,recessivelethal
0.050,0.5,8.0,0.5,6.0,linear,43.450,recessivelethal
0.050,0.5,8.5,0.5,6.0,linear,43.800,recessivelethal
0.050,0.5,9.0,0.5,6.0,linear,42.500,recessivelethal
0.050,0.5,9.5,0.5,6.0,linear,41.750,recessivelethal
0.075,0.5,10.0,0.5,6.0,linear,44.800,recessivelethal
0.075,0.5,10.5,0.5,6.0,linear,45.550,recessivelethal
0.075,0.5,11.0,0.5,6.0,linear,42.950,recessivelethal
0.075,0.5,11.5,0.5,6.0,linear,43.000,recessivelethal
0.075,0.5,12.0,0.5,6.0,linear,41.450,recessivelethal
0.075,0.5,2.0,0.5,6.0,linear,128.150,recessivelethal
0.075,0.5,2.5,0.5,6.0,linear,89.950,recessivelethal
0.075,0.5,3.0,0.5,6.0,linear,76.800,recessivelethal
0.075,0.5,3.5,0.5,6.0,linear,67.250,recessivelethal
0.075,0.5,4.0,0.5,6.0,linear,61.800,recessivelethal
0.075,0.5,4.5,0.5,6.0,linear,59.300,recessivelethal
0.075,0.5,5.0,0.5,6.0,linear,55.650,recessivelethal
0.075,0.5,5.5,0.5,6.0,linear,54.200,recessivelethal
0.075,0.5,6.0,0.5,6.0,linear,51.250,recessivelethal
0.075,0.5,6.5,0.5,6.0,linear,50.650,recessivelethal
0.075,0.5,7.0,0.5,6.0,linear,49.100,recessivelethal
0.075,0.5,7.5,0.5,6.0,linear,48.700,recessivelethal
0.075,0.5,8.0,0.5,6.0,linear,47.400,recessivelethal
0.075,0.5,8.5,0.5,6.0,linear,46.600,recessivelethal
0.075,0.5,9.0,0.5,6.0,linear,45.700,recessivelethal
0.075,0.5,9.5,0.5,6.0,linear,46.200,recessivelethal
0.100,0.5,10.0,0.5,6.0,linear,48.900,recessivelethal
0.100,0.5,10.5,0.5,6.0,linear,49.600,recessivelethal
0.100,0.5,11.0,0.5,6.0,linear,48.250,recessivelethal
0.100,0.5,11.5,0.5,6.0,linear,48.500,recessivelethal
0.100,0.5,12.0,0.5,6.0,linear,46.350,recessivelethal
0.100,0.5,2.0,0.5,6.0,linear,115.450,recessivelethal
0.100,0.5,2.5,0.5,6.0,linear,87.450,recessivelethal
0.100,0.5,3.0,0.5,6.0,linear,76.650,recessivelethal
0.100,0.5,3.5,0.5,6.0,linear,69.850,recessivelethal
0.100,0.5,4.0,0.5,6.0,linear,66.050,recessivelethal
0.100,0.5,4.5,0.5,6.0,linear,61.900,recessivelethal
0.100,0.5,5.0,0.5,6.0,linear,59.950,recessivelethal
0.100,0.5,5.5,0.5,6.0,linear,57.800,recessivelethal
0.100,0.5,6.0,0.5,6.0,linear,56.950,recessivelethal
0.100,0.5,6.5,0.5,6.0,linear,54.550,recessivelethal
0.100,0.5,7.0,0.5,6.0,linear,53.200,recessivelethal
0.100,0.5,7.5,0.5,6.0,linear,52.500,recessivelethal
0.100,0.5,8.0,0.5,6.0,linear,51.550,recessivelethal
0.100,0.5,8.5,0.5,6.0,linear,50.200,recessivelethal
0.100,0.5,9.0,0.5,6.0,linear,50.400,recessivelethal
0.100,0.5,9.5,0.5,6.0,linear,50.150,recessivelethal
0.125,0.5,10.0,0.5,6.0,linear,54.400,recessivelethal
0.125,0.5,10.5,0.5,6.0,linear,53.200,recessivelethal
0.125,0.5,11.0,0.5,6.0,linear,54.550,recessivelethal
0.125,0.5,11.5,0.5,6.0,linear,51.850,recessivelethal
0.125,0.5,12.0,0.5,6.0,linear,54.500,recessivelethal
0.125,0.5,2.0,0.5,6.0,linear,109.250,recessivelethal
0.125,0.5,2.5,0.5,6.0,linear,91.150,recessivelethal
0.125,0.5,3.0,0.5,6.0,linear,79.050,recessivelethal
0.125,0.5,3.5,0.5,6.0,linear,73.300,recessivelethal
0.125,0.5,4.0,0.5,6.0,linear,70.500,recessivelethal
0.125,0.5,4.5,0.5,6.0,linear,65.750,recessivelethal
0.125,0.5,5.0,0.5,6.0,linear,65.050,recessivelethal
0.125,0.5,5.5,0.5,6.0,linear,62.400,recessivelethal
0.125,0.5,6.0,0.5,6.0,linear,63.150,recessivelethal
0.125,0.5,6.5,0.5,6.0,linear,60.350,recessivelethal
0.125,0.5,7.0,0.5,6.0,linear,58.500,recessivelethal
0.125,0.5,7.5,0.5,6.0,linear,59.000,recessivelethal
0.125,0.5,8.0,0.5,6.0,linear,57.800,recessivelethal
0.125,0.5,8.5,0.5,6.0,linear,57.750,recessivelethal
0.125,0.5,9.0,0.5,6.0,linear,58.050,recessivelethal
0.125,0.5,9.5,0.5,6.0,linear,56.800,recessivelethal
0.150,0.5,10.0,0.5,6.0,linear,60.000,recessivelethal
0.150,0.5,10.5,0.5,6.0,linear,60.450,recessivelethal
0.150,0.5,11.0,0.5,6.0,linear,60.100,recessivelethal
0.150,0.5,11.5,0.5,6.0,linear,61.350,recessivelethal
0.150,0.5,12.0,0.5,6.0,linear,61.250,recessivelethal
0.150,0.5,2.0,0.5,6.0,linear,107.250,recessivelethal
0.150,0.5,2.5,0.5,6.0,linear,91.450,recessivelethal
0.150,0.5,3.0,0.5,6.0,linear,84.200,recessivelethal
0.150,0.5,3.5,0.5,6.0,linear,79.550,recessivelethal
0.150,0.5,4.0,0.5,6.0,linear,77.900,recessivelethal
0.150,0.5,4.5,0.5,6.0,linear,72.150,recessivelethal
0.150,0.5,5.0,0.5,6.0,linear,70.300,recessivelethal
0.150,0.5,5.5,0.5,6.0,linear,70.550,recessivelethal
0.150,0.5,6.0,0.5,6.0,linear,66.150,recessivelethal
0.150,0.5,6.5,0.5,6.0,linear,68.300,recessivelethal
0.150,0.5,7.0,0.5,6.0,linear,64.250,recessivelethal
0.150,0.5,7.5,0.5,6.0,linear,64.800,recessivelethal
0.150,0.5,8.0,0.5,6.0,linear,64.950,recessivelethal
0.150,0.5,8.5,0.5,6.0,linear,63.200,recessivelethal
0.150,0.5,9.0,0.5,6.0,linear,62.650,recessivelethal
0.150,0.5,9.5,0.5,6.0,linear,63.100,recessivelethal
0.175,0.5,10.0,0.5,6.0,linear,67.450,recessivelethal
0.175,0.5,10.5,0.5,6.0,linear,68.800,recessivelethal
0.175,0.5,11.0,0.5,6.0,linear,65.700,recessivelethal
0.175,0.5,11.5,0.5,6.0,linear,68.400,recessivelethal
0.175,0.5,12.0,0.5,6.0,linear,70.750,recessivelethal
0.175,0.5,2.0,0.5,6.0,linear,113.900,recessivelethal
0.175,0.5,2.5,0.5,6.0,linear,99.300,recessivelethal
0.175,0.5,3.0,0.5,6.0,linear,95.400,recessivelethal
0.175,0.5,3.5,0.5,6.0,linear,87.350,recessivelethal
0.175,0.5,4.0,0.5,6.0,linear,81.600,recessivelethal
0.175,0.5,4.5,0.5,6.0,linear,77.300,recessivelethal
0.175,0.5,5.0,0.5,6.0,linear,78.600,recessivelethal
0.175,0.5,5.5,0.5,6.0,linear,79.300,recessivelethal
0.175,0.5,6.0,0.5,6.0,linear,73.550,recessivelethal
0.175,0.5,6.5,0.5,6.0,linear,73.850,recessivelethal
0.175,0.5,7.0,0.5,6.0,linear,73.900,recessivelethal
0.175,0.5,7.5,0.5,6.0,linear,74.200,recessivelethal
0.175,0.5,8.0,0.5,6.0,linear,71.550,recessivelethal
0.175,0.5,8.5,0.5,6.0,linear,73.300,recessivelethal
0.175,0.5,9.0,0.5,6.0,linear,75.700,recessivelethal
0.175,0.5,9.5,0.5,6.0,linear,71.250,recessivelethal
0.200,0.5,10.0,0.5,6.0,linear,80.550,recessivelethal
0.200,0.5,10.5,0.5,6.0,linear,79.100,recessivelethal
0.200,0.5,11.0,0.5,6.0,linear,78.600,recessivelethal
0.200,0.5,11.5,0.5,6.0,linear,77.300,recessivelethal
0.200,0.5,12.0,0.5,6.0,linear,76.650,recessivelethal
0.200,0.5,2.0,0.5,6.0,linear,118.900,recessivelethal
0.200,0.5,2.5,0.5,6.0,linear,110.600,recessivelethal
0.200,0.5,3.0,0.5,6.0,linear,102.250,recessivelethal
0.200,0.5,3.5,0.5,6.0,linear,99.950,recessivelethal
0.200,0.5,4.0,0.5,6.0,linear,93.150,recessivelethal
0.200,0.5,4.5,0.5,6.0,linear,91.300,recessivelethal
0.200,0.5,5.0,0.5,6.0,linear,88.200,recessivelethal
0.200,0.5,5.5,0.5,6.0,linear,88.750,recessivelethal
0.200,0.5,6.0,0.5,6.0,linear,85.100,recessivelethal
0.200,0.5,6.5,0.5,6.0,linear,85.200,recessivelethal
0.200,0.5,7.0,0.5,6.0,linear,82.000,recessivelethal
0.200,0.5,7.5,0.5,6.0,linear,83.800,recessivelethal
0.200,0.5,8.0,0.5,6.0,linear,80.850,recessivelethal
0.200,0.5,8.5,0.5,6.0,linear,83.200,recessivelethal
0.200,0.5,9.0,0.5,6.0,linear,84.850,recessivelethal
0.200,0.5,9.5,0.5,6.0,linear,82.850,recessivelethal
0.225,0.5,10.0,0.5,6.0,linear,93.950,recessivelethal
0.225,0.5,10.5,0.5,6.0,linear,100.000,recessivelethal
0.225,0.5,11.0,0.5,6.0,linear,96.200,recessivelethal
0.225,0.5,11.5,0.5,6.0,linear,96.600,recessivelethal
0.225,0.5,12.0,0.5,6.0,linear,92.250,recessivelethal
0.225,0.5,2.0,0.5,6.0,linear,133.350,recessivelethal
0.225,0.5,2.5,0.5,6.0,linear,120.000,recessivelethal
0.225,0.5,3.0,0.5,6.0,linear,114.300,recessivelethal
0.225,0.5,3.5,0.5,6.0,linear,116.250,recessivelethal
0.225,0.5,4.0,0.5,6.0,linear,110.000,recessivelethal
0.225,0.5,4.5,0.5,6.0,linear,104.900,recessivelethal
0.225,0.5,5.0,0.5,6.0,linear,107.300,recessivelethal
0.225,0.5,5.5,0.5,6.0,linear,105.950,recessivelethal
0.225,0.5,6.0,0.5,6.0,linear,101.400,recessivelethal
0.225,0.5,6.5,0.5,6.0,linear,100.300,recessivelethal
0.225,0.5,7.0,0.5,6.0,linear,97.550,recessivelethal
0.225,0.5,7.5,0.5,6.0,linear,96.800,recessivelethal
0.225,0.5,8.0,0.5,6.0,linear,98.100,recessivelethal
0.225,0.5,8.5,0.5,6.0,linear,94.150,recessivelethal
0.225,0.5,9.0,0.5,6.0,linear,99.050,recessivelethal
0.225,0.5,9.5,0.5,6.0,linear,100.750,recessivelethal
0.250,0.5,10.0,0.5,6.0,linear,116.650,recessivelethal
0.250,0.5,10.5,0.5,6.0,linear,116.050,recessivelethal
0.250,0.5,11.0,0.5,6.0,linear,114.650,recessivelethal
0.250,0.5,11.5,0.5,6.0,linear,117.800,recessivelethal
0.250,0.5,12.0,0.5,6.0,linear,117.600,recessivelethal
0.250,0.5,2.0,0.5,6.0,linear,153.250,recessivelethal
0.250,0.5,2.5,0.5,6.0,linear,138.500,recessivelethal
0.250,0.5,3.0,0.5,6.0,linear,136.450,recessivelethal
0.250,0.5,3.5,0.5,6.0,linear,134.300,recessivelethal
0.250,0.5,4.0,0.5,6.0,linear,131.600,recessivelethal
0.250,0.5,4.5,0.5,6.0,linear,132.150,recessivelethal
0.250,0.5,5.0,0.5,6.0,linear,120.900,recessivelethal
0.250,0.5,5.5,0.5,6.0,linear,125.200,recessivelethal
0.250,0.5,6.0,0.5,6.0,linear,125.000,recessivelethal
0.250,0.5,6.5,0.5,6.0,linear,126.450,recessivelethal
0.250,0.5,7.0,0.5,6.0,linear,115.300,recessivelethal
0.250,0.5,7.5,0.5,6.0,linear,121.900,recessivelethal
0.250,0.5,8.0,0.5,6.0,linear,118.600,recessivelethal
0.250,0.5,8.5,0.5,6.0,linear,125.450,recessivelethal
0.250,0.5,9.0,0.5,6.0,linear,117.100,recessivelethal
0.250,0.5,9.5,0.5,6.0,linear,118.750,recessivelethal
0.275,0.5,10.0,0.5,6.0,linear,156.800,recessivelethal
0.275,0.5,10.5,0.5,6.0,linear,150.400,recessivelethal
0.275,0.5,11.0,0.5,6.0,linear,161.450,recessivelethal
0.275,0.5,11.5,0.5,6.0,linear,151.650,recessivelethal
0.275,0.5,12.0,0.5,6.0,linear,154.450,recessivelethal
0.275,0.5,2.0,0.5,6.0,linear,201.400,recessivelethal
0.275,0.5,2.5,0.5,6.0,linear,187.550,recessivelethal
0.275,0.5,3.0,0.5,6.0,linear,183.750,recessivelethal
0.275,0.5,3.5,0.5,6.0,linear,184.750,recessivelethal
0.275,0.5,4.0,0.5,6.0,linear,166.800,recessivelethal
0.275,0.5,4.5,0.5,6.0,linear,168.100,recessivelethal
0.275,0.5,5.0,0.5,6.0,linear,163.500,recessivelethal
0.275,0.5,5.5,0.5,6.0,linear,164.650,recessivelethal
0.275,0.5,6.0,0.5,6.0,linear,178.900,recessivelethal
0.275,0.5,6.5,0.5,6.0,linear,161.350,recessivelethal
0.275,0.5,7.0,0.5,6.0,linear,165.350,recessivelethal
0.275,0.5,7.5,0.5,6.0,linear,161.450,recessivelethal
0.275,0.5,8.0,0.5,6.0,linear,166.000,recessivelethal
0.275,0.5,8.5,0.5,6.0,linear,158.300,recessivelethal
0.275,0.5,9.0,0.5,6.0,linear,165.100,recessivelethal
0.275,0.5,9.5,0.5,6.0,linear,155.350,recessivelethal
0.300,0.5,10.0,0.5,6.0,linear,244.400,recessivelethal
0.300,0.5,10.5,0.5,6.0,linear,250.550,recessivelethal
0.300,0.5,11.0,0.5,6.0,linear,240.200,recessivelethal
0.300,0.5,11.5,0.5,6.0,linear,245.850,recessivelethal
0.300,0.5,12.0,0.5,6.0,linear,250.100,recessivelethal
0.300,0.5,2.0,0.5,6.0,linear,269.550,recessivelethal
0.300,0.5,2.5,0.5,6.0,linear,277.250,recessivelethal
0.300,0.5,3.0,0.5,6.0,linear,263.100,recessivelethal
0.300,0.5,3.5,0.5,6.0,linear,262.800,recessivelethal
0.300,0.5,4.0,0.5,6.0,linear,261.050,recessivelethal
0.300,0.5,4.5,0.5,6.0,linear,260.550,recessivelethal
0.300,0.5,5.0,0.5,6.0,linear,239.500,recessivelethal
0.300,0.5,5.5,0.5,6.0,linear,271.850,recessivelethal
0.300,0.5,6.0,0.5,6.0,linear,250.250,recessivelethal
0.300,0.5,6.5,0.5,6.0,linear,245.150,recessivelethal
0.300,0.5,7.0,0.5,6.0,linear,250.500,recessivelethal
0.300,0.5,7.5,0.5,6.0,linear,241.300,recessivelethal
0.300,0.5,8.0,0.5,6.0,linear,243.050,recessivelethal
0.300,0.5,8.5,0.5,6.0,linear,238.700,recessivelethal
0.300,0.5,9.0,0.5,6.0,linear,237.750,recessivelethal
0.300,0.5,9.5,0.5,6.0,linear,225.450,recessivelethal
0.325,0.5,10.0,0.5,6.0,linear,NAN,recessivelethal
0.325,0.5,10.5,0.5,6.0,linear,NAN,recessivelethal
0.325,0.5,11.0,0.5,6.0,linear,NAN,recessivelethal
0.325,0.5,11.5,0.5,6.0,linear,NAN,recessivelethal
0.325,0.5,12.0,0.5,6.0,linear,NAN,recessivelethal
0.325,0.5,2.0,0.5,6.0,linear,NAN,recessivelethal
0.325,0.5,2.5,0.5,6.0,linear,NAN,recessivelethal
0.325,0.5,3.0,0.5,6.0,linear,NAN,recessivelethal
0.325,0.5,3.5,0.5,6.0,linear,NAN,recessivelethal
0.325,0.5,4.0,0.5,6.0,linear,NAN,recessivelethal
0.325,0.5,4.5,0.5,6.0,linear,NAN,recessivelethal
0.325,0.5,5.0,0.5,6.0,linear,NAN,recessivelethal
0.325,0.5,5.5,0.5,6.0,linear,NAN,recessivelethal
0.325,0.5,6.0,0.5,6.0,linear,NAN,recessivelethal
0.325,0.5,6.5,0.5,6.0,linear,NAN,recessivelethal
0.325,0.5,7.0,0.5,6.0,linear,NAN,recessivelethal
0.325,0.5,7.5,0.5,6.0,linear,NAN,recessivelethal
0.325,0.5,8.0,0.5,6.0,linear,NAN,recessivelethal
0.325,0.5,8.5,0.5,6.0,linear,NAN,recessivelethal
0.325,0.5,9.0,0.5,6.0,linear,NAN,recessivelethal
0.325,0.5,9.5,0.5,6.0,linear,NAN,recessivelethal
0.350,0.5,10.0,0.5,6.0,linear,NAN,recessivelethal
0.350,0.5,10.5,0.5,6.0,linear,NAN,recessivelethal
0.350,0.5,11.0,0.5,6.0,linear,NAN,recessivelethal
0.350,0.5,11.5,0.5,6.0,linear,NAN,recessivelethal
0.350,0.5,12.0,0.5,6.0,linear,NAN,recessivelethal
0.350,0.5,2.0,0.5,6.0,linear,NAN,recessivelethal
0.350,0.5,2.5,0.5,6.0,linear,NAN,recessivelethal
0.350,0.5,3.0,0.5,6.0,linear,NAN,recessivelethal
0.350,0.5,3.5,0.5,6.0,linear,NAN,recessivelethal
0.350,0.5,4.0,0.5,6.0,linear,NAN,recessivelethal
0.350,0.5,4.5,0.5,6.0,linear,NAN,recessivelethal
0.350,0.5,5.0,0.5,6.0,linear,NAN,recessivelethal
0.350,0.5,5.5,0.5,6.0,linear,NAN,recessivelethal
0.350,0.5,6.0,0.5,6.0,linear,NAN,recessivelethal
0.350,0.5,6.5,0.5,6.0,linear,NAN,recessivelethal
0.350,0.5,7.0,0.5,6.0,linear,NAN,recessivelethal
0.350,0.5,7.5,0.5,6.0,linear,NAN,recessivelethal
0.350,0.5,8.0,0.5,6.0,linear,NAN,recessivelethal
0.350,0.5,8.5,0.5,6.0,linear,NAN,recessivelethal
0.350,0.5,9.0,0.5,6.0,linear,NAN,recessivelethal
0.350,0.5,9.5,0.5,6.0,linear,NAN,recessivelethal
0.375,0.5,10.0,0.5,6.0,linear,NAN,recessivelethal
0.375,0.5,10.5,0.5,6.0,linear,NAN,recessivelethal
0.375,0.5,11.0,0.5,6.0,linear,NAN,recessivelethal
0.375,0.5,11.5,0.5,6.0,linear,NAN,recessivelethal
0.375,0.5,12.0,0.5,6.0,linear,NAN,recessivelethal
0.375,0.5,2.0,0.5,6.0,linear,NAN,recessivelethal
0.375,0.5,2.5,0.5,6.0,linear,NAN,recessivelethal
0.375,0.5,3.0,0.5,6.0,linear,NAN,recessivelethal
0.375,0.5,3.5,0.5,6.0,linear,NAN,recessivelethal
0.375,0.5,4.0,0.5,6.0,linear,NAN,recessivelethal
0.375,0.5,4.5,0.5,6.0,linear,NAN,recessivelethal
0.375,0.5,5.0,0.5,6.0,linear,NAN,recessivelethal
0.375,0.5,5.5,0.5,6.0,linear,NAN,recessivelethal
0.375,0.5,6.0,0.5,6.0,linear,NAN,recessivelethal
0.375,0.5,6.5,0.5,6.0,linear,NAN,recessivelethal
0.375,0.5,7.0,0.5,6.0,linear,NAN,recessivelethal
0.375,0.5,7.5,0.5,6.0,linear,NAN,recessivelethal
0.375,0.5,8.0,0.5,6.0,linear,NAN,recessivelethal
0.375,0.5,8.5,0.5,6.0,linear,NAN,recessivelethal
0.375,0.5,9.0,0.5,6.0,linear,NAN,recessivelethal
0.375,0.5,9.5,0.5,6.0,linear,NAN,recessivelethal
0.400,0.5,10.0,0.5,6.0,linear,NAN,recessivelethal
0.400,0.5,10.5,0.5,6.0,linear,NAN,recessivelethal
0.400,0.5,11.0,0.5,6.0,linear,NAN,recessivelethal
0.400,0.5,11.5,0.5,6.0,linear,NAN,recessivelethal
0.400,0.5,12.0,0.5,6.0,linear,NAN,recessivelethal
0.400,0.5,2.0,0.5,6.0,linear,NAN,recessivelethal
0.400,0.5,2.5,0.5,6.0,linear,NAN,recessivelethal
0.400,0.5,3.0,0.5,6.0,linear,NAN,recessivelethal
0.400,0.5,3.5,0.5,6.0,linear,NAN,recessivelethal
0.400,0.5,4.0,0.5,6.0,linear,NAN,recessivelethal
0.400,0.5,4.5,0.5,6.0,linear,NAN,recessivelethal
0.400,0.5,5.0,0.5,6.0,linear,NAN,recessivelethal
0.400,0.5,5.5,0.5,6.0,linear,NAN,recessivelethal
0.400,0.5,6.0,0.5,6.0,linear,NAN,recessivelethal
0.400,0.5,6.5,0.5,6.0,linear,NAN,recessivelethal
0.400,0.5,7.0,0.5,6.0,linear,NAN,recessivelethal
0.400,0.5,7.5,0.5,6.0,linear,NAN,recessivelethal
0.400,0.5,8.0,0.5,6.0,linear,NAN,recessivelethal
0.400,0.5,8.5,0.5,6.0,linear,NAN,recessivelethal
0.400,0.5,9.0,0.5,6.0,linear,NAN,recessivelethal
0.400,0.5,9.5,0.5,6.0,linear,NAN,recessivelethal
0.425,0.5,10.0,0.5,6.0,linear,NAN,recessivelethal
0.425,0.5,10.5,0.5,6.0,linear,NAN,recessivelethal
0.425,0.5,11.0,0.5,6.0,linear,NAN,recessivelethal
0.425,0.5,11.5,0.5,6.0,linear,NAN,recessivelethal
0.425,0.5,12.0,0.5,6.0,linear,NAN,recessivelethal
0.425,0.5,2.0,0.5,6.0,linear,NAN,recessivelethal
0.425,0.5,2.5,0.5,6.0,linear,NAN,recessivelethal
0.425,0.5,3.0,0.5,6.0,linear,NAN,recessivelethal
0.425,0.5,3.5,0.5,6.0,linear,NAN,recessivelethal
0.425,0.5,4.0,0.5,6.0,linear,NAN,recessivelethal
0.425,0.5,4.5,0.5,6.0,linear,NAN,recessivelethal
0.425,0.5,5.0,0.5,6.0,linear,NAN,recessivelethal
0.425,0.5,5.5,0.5,6.0,linear,NAN,recessivelethal
0.425,0.5,6.0,0.5,6.0,linear,NAN,recessivelethal
0.425,0.5,6.5,0.5,6.0,linear,NAN,recessivelethal
0.425,0.5,7.0,0.5,6.0,linear,NAN,recessivelethal
0.425,0.5,7.5,0.5,6.0,linear,NAN,recessivelethal
0.425,0.5,8.0,0.5,6.0,linear,NAN,recessivelethal
0.425,0.5,8.5,0.5,6.0,linear,NAN,recessivelethal
0.425,0.5,9.0,0.5,6.0,linear,NAN,recessivelethal
0.425,0.5,9.5,0.5,6.0,linear,NAN,recessivelethal
0.450,0.5,10.0,0.5,6.0,linear,NAN,recessivelethal
0.450,0.5,10.5,0.5,6.0,linear,NAN,recessivelethal
0.450,0.5,11.0,0.5,6.0,linear,NAN,recessivelethal
0.450,0.5,11.5,0.5,6.0,linear,NAN,recessivelethal
0.450,0.5,12.0,0.5,6.0,linear,NAN,recessivelethal
0.450,0.5,2.0,0.5,6.0,linear,NAN,recessivelethal
0.450,0.5,2.5,0.5,6.0,linear,NAN,recessivelethal
0.450,0.5,3.0,0.5,6.0,linear,NAN,recessivelethal
0.450,0.5,3.5,0.5,6.0,linear,NAN,recessivelethal
0.450,0.5,4.0,0.5,6.0,linear,NAN,recessivelethal
0.450,0.5,4.5,0.5,6.0,linear,NAN,recessivelethal
0.450,0.5,5.0,0.5,6.0,linear,NAN,recessivelethal
0.450,0.5,5.5,0.5,6.0,linear,NAN,recessivelethal
0.450,0.5,6.0,0.5,6.0,linear,NAN,recessivelethal
0.450,0.5,6.5,0.5,6.0,linear,NAN,recessivelethal
0.450,0.5,7.0,0.5,6.0,linear,NAN,recessivelethal
0.450,0.5,7.5,0.5,6.0,linear,NAN,recessivelethal
0.450,0.5,8.0,0.5,6.0,linear,NAN,recessivelethal
0.450,0.5,8.5,0.5,6.0,linear,NAN,recessivelethal
0.450,0.5,9.0,0.5,6.0,linear,NAN,recessivelethal
0.450,0.5,9.5,0.5,6.0,linear,NAN,recessivelethal
0.475,0.5,10.0,0.5,6.0,linear,NAN,recessivelethal
0.475,0.5,10.5,0.5,6.0,linear,NAN,recessivelethal
0.475,0.5,11.0,0.5,6.0,linear,NAN,recessivelethal
0.475,0.5,11.5,0.5,6.0,linear,NAN,recessivelethal
0.475,0.5,12.0,0.5,6.0,linear,NAN,recessivelethal
0.475,0.5,2.0,0.5,6.0,linear,NAN,recessivelethal
0.475,0.5,2.5,0.5,6.0,linear,NAN,recessivelethal
0.475,0.5,3.0,0.5,6.0,linear,NAN,recessivelethal
0.475,0.5,3.5,0.5,6.0,linear,NAN,recessivelethal
0.475,0.5,4.0,0.5,6.0,linear,NAN,recessivelethal
0.475,0.5,4.5,0.5,6.0,linear,NAN,recessivelethal
0.475,0.5,5.0,0.5,6.0,linear,NAN,recessivelethal
0.475,0.5,5.5,0.5,6.0,linear,NAN,recessivelethal
0.475,0.5,6.0,0.5,6.0,linear,NAN,recessivelethal
0.475,0.5,6.5,0.5,6.0,linear,NAN,recessivelethal
0.475,0.5,7.0,0.5,6.0,linear,NAN,recessivelethal
0.475,0.5,7.5,0.5,6.0,linear,NAN,recessivelethal
0.475,0.5,8.0,0.5,6.0,linear,NAN,recessivelethal
0.475,0.5,8.5,0.5,6.0,linear,NAN,recessivelethal
0.475,0.5,9.0,0.5,6.0,linear,NAN,recessivelethal
0.475,0.5,9.5,0.5,6.0,linear,NAN,recessivelethal
0.500,0.5,10.0,0.5,6.0,linear,NAN,recessivelethal
0.500,0.5,10.5,0.5,6.0,linear,NAN,recessivelethal
0.500,0.5,11.0,0.5,6.0,linear,NAN,recessivelethal
0.500,0.5,11.5,0.5,6.0,linear,NAN,recessivelethal
0.500,0.5,12.0,0.5,6.0,linear,NAN,recessivelethal
0.500,0.5,2.0,0.5,6.0,linear,NAN,recessivelethal
0.500,0.5,2.5,0.5,6.0,linear,NAN,recessivelethal
0.500,0.5,3.0,0.5,6.0,linear,NAN,recessivelethal
0.500,0.5,3.5,0.5,6.0,linear,NAN,recessivelethal
0.500,0.5,4.0,0.5,6.0,linear,NAN,recessivelethal
0.500,0.5,4.5,0.5,6.0,linear,NAN,recessivelethal
0.500,0.5,5.0,0.5,6.0,linear,NAN,recessivelethal
0.500,0.5,5.5,0.5,6.0,linear,NAN,recessivelethal
0.500,0.5,6.0,0.5,6.0,linear,NAN,recessivelethal
0.500,0.5,6.5,0.5,6.0,linear,NAN,recessivelethal
0.500,0.5,7.0,0.5,6.0,linear,NAN,recessivelethal
0.500,0.5,7.5,0.5,6.0,linear,NAN,recessivelethal
0.500,0.5,8.0,0.5,6.0,linear,NAN,recessivelethal
0.500,0.5,8.5,0.5,6.0,linear,NAN,recessivelethal
0.500,0.5,9.0,0.5,6.0,linear,NAN,recessivelethal
0.500,0.5,9.5,0.5,6.0,linear,NAN,recessivelethal
